INSERT INTO `CLIENT` (`code_c`,`nom`,`prenom`,`adresse`,`cp`,`ville`,`telephone`) VALUES('17','TARINAUX','Lucien','12 rue de la justice','51100','REIMS','03.26.25.48.87');
INSERT INTO `CLIENT` (`code_c`,`nom`,`prenom`,`adresse`,`cp`,`ville`,`telephone`) VALUES('46','MARTUSE',NULL,'103 avnenue Lear','51100','REIMS','03.26.03.25.26');
INSERT INTO `CLIENT` (`code_c`,`nom`,`prenom`,`adresse`,`cp`,`ville`,`telephone`) VALUES('47','RABIN','Sabrine','21 rue de la méditérrané','51100','REIMS','03.26.');
INSERT INTO `CLIENT` (`code_c`,`nom`,`prenom`,`adresse`,`cp`,`ville`,`telephone`) VALUES('48','SILLARD','Laurance','15 rue Pasentiers','51100','REIMS','03.26.11.11.25');
INSERT INTO `CLIENT` (`code_c`,`nom`,`prenom`,`adresse`,`cp`,`ville`,`telephone`) VALUES('49','COTOY','Sylvie','12 rue de ecus','51100','REIMS','03.26.10.25.75');
INSERT INTO `CLIENT` (`code_c`,`nom`,`prenom`,`adresse`,`cp`,`ville`,`telephone`) VALUES('50','HELLOU','Bernard','21 rue de la méditérrané','51100','REIMS','03.26.12.25.42');
INSERT INTO `CLIENT` (`code_c`,`nom`,`prenom`,`adresse`,`cp`,`ville`,`telephone`) VALUES('51','HENTION','Martine','50 allée des bons enfants','51100','REIMS','03.26.12.25.86');
INSERT INTO `CLIENT` (`code_c`,`nom`,`prenom`,`adresse`,`cp`,`ville`,`telephone`) VALUES('52','SIBAT','Evelyne','14 rue de Baltique','51100','REIMS','03.26.12.23.33');
INSERT INTO `CLIENT` (`code_c`,`nom`,`prenom`,`adresse`,`cp`,`ville`,`telephone`) VALUES('53','MARIN','Dominique','24 rue de Baltique','51100','REIMS','03.26.10.10.23');
INSERT INTO `CLIENT` (`code_c`,`nom`,`prenom`,`adresse`,`cp`,`ville`,`telephone`) VALUES('54','DURDUX','Monique','15 allée des Béarnais','51150','VITRY LE FRANCOIS','03.26.42.42.33');
INSERT INTO `CLIENT` (`code_c`,`nom`,`prenom`,`adresse`,`cp`,`ville`,`telephone`) VALUES('55','CANILLE','Walter','14 rue Lanterneau','51100','REIMS','03.26.12.12.87');
INSERT INTO `CLIENT` (`code_c`,`nom`,`prenom`,`adresse`,`cp`,`ville`,`telephone`) VALUES('56','BOUQUET','Antoinette','1 rue de la Méditerranée','51140','ROMAIN','03.26.78.89.54');
INSERT INTO `CLIENT` (`code_c`,`nom`,`prenom`,`adresse`,`cp`,`ville`,`telephone`) VALUES('57','GAUTON','Nadine','5 place des Oiseaux','51200','FISME','03.26.53.56.55');
INSERT INTO `CLIENT` (`code_c`,`nom`,`prenom`,`adresse`,`cp`,`ville`,`telephone`) VALUES('58','LEGOS','Christian','18 place des Oiseaux','51200','FISME','03.26.44.55.56');
INSERT INTO `CLIENT` (`code_c`,`nom`,`prenom`,`adresse`,`cp`,`ville`,`telephone`) VALUES('59','DUMOITIERS','Lucille','12 place Central','02320','LONGUEVAL','03.26.86.43.25');
INSERT INTO `CLIENT` (`code_c`,`nom`,`prenom`,`adresse`,`cp`,`ville`,`telephone`) VALUES('60','BOUCHE','Carole','4 rue Brule','51200','FISME','03.26.33.96.85');

INSERT INTO `COMMANDE` (`numero`,`code_v`,`code_c`,`date_livraison`,`date_commande`,`total_ht`,`total_tva`,`etat`) VALUES('10178','15','47','2008-10-05','2008-10-05','177.00','9.75',TRUE);
INSERT INTO `COMMANDE` (`numero`,`code_v`,`code_c`,`date_livraison`,`date_commande`,`total_ht`,`total_tva`,`etat`) VALUES('10179','15','47','2008-10-13','2008-10-13','192.00','10.50',TRUE);
INSERT INTO `COMMANDE` (`numero`,`code_v`,`code_c`,`date_livraison`,`date_commande`,`total_ht`,`total_tva`,`etat`) VALUES('10180','15','48','2008-10-10','2008-10-10','98.00','5.40',TRUE);
INSERT INTO `COMMANDE` (`numero`,`code_v`,`code_c`,`date_livraison`,`date_commande`,`total_ht`,`total_tva`,`etat`) VALUES('10181','15','49','2008-10-11','2008-10-11','175.00','9.60',TRUE);
INSERT INTO `COMMANDE` (`numero`,`code_v`,`code_c`,`date_livraison`,`date_commande`,`total_ht`,`total_tva`,`etat`) VALUES('10182','15','50','2008-10-11','2008-10-11','116.00','6.40',TRUE);
INSERT INTO `COMMANDE` (`numero`,`code_v`,`code_c`,`date_livraison`,`date_commande`,`total_ht`,`total_tva`,`etat`) VALUES('10183','15','51','2008-10-11','2008-10-11','118.00','6.50',TRUE);
INSERT INTO `COMMANDE` (`numero`,`code_v`,`code_c`,`date_livraison`,`date_commande`,`total_ht`,`total_tva`,`etat`) VALUES('10184','15','52','2008-10-12','2008-10-12','102.00','5.60',TRUE);
INSERT INTO `COMMANDE` (`numero`,`code_v`,`code_c`,`date_livraison`,`date_commande`,`total_ht`,`total_tva`,`etat`) VALUES('10185','15','53','2008-10-12','2008-10-12','19.00','1.05',TRUE);
INSERT INTO `COMMANDE` (`numero`,`code_v`,`code_c`,`date_livraison`,`date_commande`,`total_ht`,`total_tva`,`etat`) VALUES('10186','15','54','2008-10-10','2008-10-10','101.00','5.55',TRUE);
INSERT INTO `COMMANDE` (`numero`,`code_v`,`code_c`,`date_livraison`,`date_commande`,`total_ht`,`total_tva`,`etat`) VALUES('10187','15','55','2008-10-10','2008-10-10','65.00','3.58',TRUE);
INSERT INTO `COMMANDE` (`numero`,`code_v`,`code_c`,`date_livraison`,`date_commande`,`total_ht`,`total_tva`,`etat`) VALUES('10188','17','56','2008-10-12','2008-10-12','121.00','6.66',TRUE);
INSERT INTO `COMMANDE` (`numero`,`code_v`,`code_c`,`date_livraison`,`date_commande`,`total_ht`,`total_tva`,`etat`) VALUES('10189','17','57','2008-10-10','2008-10-10','110.00','6.05',TRUE);
INSERT INTO `COMMANDE` (`numero`,`code_v`,`code_c`,`date_livraison`,`date_commande`,`total_ht`,`total_tva`,`etat`) VALUES('10190','17','58','2008-10-13','2008-10-13','123.00','6.76',TRUE);
INSERT INTO `COMMANDE` (`numero`,`code_v`,`code_c`,`date_livraison`,`date_commande`,`total_ht`,`total_tva`,`etat`) VALUES('10191','17','59','2008-10-13','2008-10-13','107.00','5.91',TRUE);
INSERT INTO `COMMANDE` (`numero`,`code_v`,`code_c`,`date_livraison`,`date_commande`,`total_ht`,`total_tva`,`etat`) VALUES('10192','17','60','2008-10-10','2008-10-10','237.00','13.04',TRUE);


INSERT INTO `VENDEUR` (`code_c`,`nom`,`prenom`,`adresse`,`cp`,`ville`,`telephone`) VALUES('15','FILLARD','Sylvain','77 rue de l \'adriatique','51100','REIMS','03.26.12.25.25');
INSERT INTO `VENDEUR` (`code_c`,`nom`,`prenom`,`adresse`,`cp`,`ville`,`telephone`) VALUES('17','BAUDOT','Marc','16 rue de Reims','51000','CHALONS EN CHAMPAGNE','03.26.10.58.59');

INSERT INTO `PRODUIT` (`reference`,`designation`,`quantite`,`descriptif`,`prix_unitaire_ht`,`stock`,`poids_piece`) VALUES('','','','','','','');
INSERT INTO `PRODUIT` (`reference`,`designation`,`quantite`,`descriptif`,`prix_unitaire_ht`,`stock`,`poids_piece`) VALUES('','','','','','','');
INSERT INTO `PRODUIT` (`reference`,`designation`,`quantite`,`descriptif`,`prix_unitaire_ht`,`stock`,`poids_piece`) VALUES('','','','','','','');
INSERT INTO `PRODUIT` (`reference`,`designation`,`quantite`,`descriptif`,`prix_unitaire_ht`,`stock`,`poids_piece`) VALUES('','','','','','','');
INSERT INTO `PRODUIT` (`reference`,`designation`,`quantite`,`descriptif`,`prix_unitaire_ht`,`stock`,`poids_piece`) VALUES('','','','','','','');
INSERT INTO `PRODUIT` (`reference`,`designation`,`quantite`,`descriptif`,`prix_unitaire_ht`,`stock`,`poids_piece`) VALUES('','','','','','','');
INSERT INTO `PRODUIT` (`reference`,`designation`,`quantite`,`descriptif`,`prix_unitaire_ht`,`stock`,`poids_piece`) VALUES('','','','','','','');
INSERT INTO `PRODUIT` (`reference`,`designation`,`quantite`,`descriptif`,`prix_unitaire_ht`,`stock`,`poids_piece`) VALUES('','','','','','','');
INSERT INTO `PRODUIT` (`reference`,`designation`,`quantite`,`descriptif`,`prix_unitaire_ht`,`stock`,`poids_piece`) VALUES('','','','','','','');
INSERT INTO `PRODUIT` (`reference`,`designation`,`quantite`,`descriptif`,`prix_unitaire_ht`,`stock`,`poids_piece`) VALUES('','','','','','','');
INSERT INTO `PRODUIT` (`reference`,`designation`,`quantite`,`descriptif`,`prix_unitaire_ht`,`stock`,`poids_piece`) VALUES('','','','','','','');
INSERT INTO `PRODUIT` (`reference`,`designation`,`quantite`,`descriptif`,`prix_unitaire_ht`,`stock`,`poids_piece`) VALUES('','','','','','','');
INSERT INTO `PRODUIT` (`reference`,`designation`,`quantite`,`descriptif`,`prix_unitaire_ht`,`stock`,`poids_piece`) VALUES('','','','','','','');
INSERT INTO `PRODUIT` (`reference`,`designation`,`quantite`,`descriptif`,`prix_unitaire_ht`,`stock`,`poids_piece`) VALUES('','','','','','','');
INSERT INTO `PRODUIT` (`reference`,`designation`,`quantite`,`descriptif`,`prix_unitaire_ht`,`stock`,`poids_piece`) VALUES('','','','','','','');
INSERT INTO `PRODUIT` (`reference`,`designation`,`quantite`,`descriptif`,`prix_unitaire_ht`,`stock`,`poids_piece`) VALUES('','','','','','','');
INSERT INTO `PRODUIT` (`reference`,`designation`,`quantite`,`descriptif`,`prix_unitaire_ht`,`stock`,`poids_piece`) VALUES('','','','','','','');
INSERT INTO `PRODUIT` (`reference`,`designation`,`quantite`,`descriptif`,`prix_unitaire_ht`,`stock`,`poids_piece`) VALUES('','','','','','','');
INSERT INTO `PRODUIT` (`reference`,`designation`,`quantite`,`descriptif`,`prix_unitaire_ht`,`stock`,`poids_piece`) VALUES('','','','','','','');
INSERT INTO `PRODUIT` (`reference`,`designation`,`quantite`,`descriptif`,`prix_unitaire_ht`,`stock`,`poids_piece`) VALUES('','','','','','','');
INSERT INTO `PRODUIT` (`reference`,`designation`,`quantite`,`descriptif`,`prix_unitaire_ht`,`stock`,`poids_piece`) VALUES('','','','','','','');
INSERT INTO `PRODUIT` (`reference`,`designation`,`quantite`,`descriptif`,`prix_unitaire_ht`,`stock`,`poids_piece`) VALUES('','','','','','','');
INSERT INTO `PRODUIT` (`reference`,`designation`,`quantite`,`descriptif`,`prix_unitaire_ht`,`stock`,`poids_piece`) VALUES('','','','','','','');
INSERT INTO `PRODUIT` (`reference`,`designation`,`quantite`,`descriptif`,`prix_unitaire_ht`,`stock`,`poids_piece`) VALUES('','','','','','','');
INSERT INTO `PRODUIT` (`reference`,`designation`,`quantite`,`descriptif`,`prix_unitaire_ht`,`stock`,`poids_piece`) VALUES('','','','','','','');
INSERT INTO `PRODUIT` (`reference`,`designation`,`quantite`,`descriptif`,`prix_unitaire_ht`,`stock`,`poids_piece`) VALUES('','','','','','','');
INSERT INTO `PRODUIT` (`reference`,`designation`,`quantite`,`descriptif`,`prix_unitaire_ht`,`stock`,`poids_piece`) VALUES('','','','','','','');
INSERT INTO `PRODUIT` (`reference`,`designation`,`quantite`,`descriptif`,`prix_unitaire_ht`,`stock`,`poids_piece`) VALUES('','','','','','','');
INSERT INTO `PRODUIT` (`reference`,`designation`,`quantite`,`descriptif`,`prix_unitaire_ht`,`stock`,`poids_piece`) VALUES('','','','','','','');
INSERT INTO `PRODUIT` (`reference`,`designation`,`quantite`,`descriptif`,`prix_unitaire_ht`,`stock`,`poids_piece`) VALUES('','','','','','','');
INSERT INTO `PRODUIT` (`reference`,`designation`,`quantite`,`descriptif`,`prix_unitaire_ht`,`stock`,`poids_piece`) VALUES('','','','','','','');
INSERT INTO `PRODUIT` (`reference`,`designation`,`quantite`,`descriptif`,`prix_unitaire_ht`,`stock`,`poids_piece`) VALUES('','','','','','','');
INSERT INTO `PRODUIT` (`reference`,`designation`,`quantite`,`descriptif`,`prix_unitaire_ht`,`stock`,`poids_piece`) VALUES('','','','','','','');
INSERT INTO `PRODUIT` (`reference`,`designation`,`quantite`,`descriptif`,`prix_unitaire_ht`,`stock`,`poids_piece`) VALUES('','','','','','','');
INSERT INTO `PRODUIT` (`reference`,`designation`,`quantite`,`descriptif`,`prix_unitaire_ht`,`stock`,`poids_piece`) VALUES('','','','','','','');
INSERT INTO `PRODUIT` (`reference`,`designation`,`quantite`,`descriptif`,`prix_unitaire_ht`,`stock`,`poids_piece`) VALUES('','','','','','','');
INSERT INTO `PRODUIT` (`reference`,`designation`,`quantite`,`descriptif`,`prix_unitaire_ht`,`stock`,`poids_piece`) VALUES('','','','','','','');
INSERT INTO `PRODUIT` (`reference`,`designation`,`quantite`,`descriptif`,`prix_unitaire_ht`,`stock`,`poids_piece`) VALUES('','','','','','','');
INSERT INTO `PRODUIT` (`reference`,`designation`,`quantite`,`descriptif`,`prix_unitaire_ht`,`stock`,`poids_piece`) VALUES('','','','','','','');
INSERT INTO `PRODUIT` (`reference`,`designation`,`quantite`,`descriptif`,`prix_unitaire_ht`,`stock`,`poids_piece`) VALUES('','','','','','','');